{
  "model_name": "CodeBERT",
  "model_checkpoint": "microsoft/codebert-base",
  "timestamp": "2025-11-28T13:08:48.885858",
  "metrics": {
    "accuracy": 0.9595,
    "precision": 0.9595336035660316,
    "recall": 0.9594853517656283,
    "f1_score": 0.9594977217468483,
    "roc_auc": 0.9923618777900447
  },
  "training_time": 102.08352637290955,
  "train_samples": 8000,
  "test_samples": 2000,
  "confusion_matrix": [
    [
      952,
      44
    ],
    [
      37,
      967
    ]
  ],
  "training_args": {
    "epochs": 3,
    "batch_size": 16,
    "learning_rate": 5e-05
  }
}