Model,Accuracy,Precision,Recall,F1-Score,ROC-AUC
"Baseline
(TF-IDF + LR)",0.8775,0.8780535079468587,0.8774240387846206,0.8774379529636878,0.9494261908190531
DistilBERT,0.88,0.8815299444379718,0.8798740779852477,0.8798528197041375,0.9553462855405687
CodeBERT,0.9595,0.9595336035660316,0.9594853517656283,0.9594977217468483,0.9923618777900447
